file_name,recognized_text,Human-recognized Text
00FN460 (1)_crop0,"System x
 This product has been tested for
 IBM System X Units.
 Refer to the IBM Statement of Limited
 Warranty for further information.
 IBM Option: 81Y9670
 1P81Y9670
 300 GB
 15K rpm
 IBM FRU: 00FN460
 SAS 6Gb
 IBM P/N: 00FN462
 11S49Y7433Y9BZ6XN7QRC4
 DOM: 26OCT2014
 PART NUMBER: *9SW066-039*
 MODEL: ST9300653SS
 SERIAL NUMBER: *6XN7QRC4*
 WW N: 5000C5007E635AEC
 LOT NUMBER: 15182
 Site: SUZHSG
 RATED VDC AMPS
 +5V 1.10 A
 +12V 0.30 A
 HDD Mfg by Seagate Technology LLC
 Serial Attached SCSI
 20
 N176
 中国产品
 Product of China
 E14512
 100666932
 DO NOT
 HOLE","System x
This product has been tested for IBM System X Units.
Refer to the IBM Statement of Limited Warranty for further information.
IBM Option: 81Y9670
1P81Y9670
IBM FRU: 00FN460
IBM P/N: 00FN462
300GB
15K rpm
SAS 6Gb
11S49Y7433Y9BZ6XN7QRC4
PART NUMBER: *9SW066-038*
SERIAL NUMBER: *6XN7QRC4*
RATED VDC AMPS
+5V 1.10 A
+12V 0.30 A
HDD Mfg Seagate Technology LLC
DOM: 26OCT2014
MODEL: ST9300653SS
WWN: 5000C5007E635AEC
LOT NUMBER: 15182
Site: SUZHSG
Serial
Attached
SCSI
20
N176
中國產品
Product of China
E14512
100666932
DO NOT HIS HOLE
653SS(B)"
02R0998 b_crop0,"PCI-X33
 T151310
 T151310-133CE
 TUNDR
 CANADA
 99P3077
 D3600A59
 0536
 ASB - 322ESFZ56MB
 8 RAID CONT RE
 0206600
 0413
 C270
 C270","PCI-X33
 T151310
 T151310-133CE
 TUNDR
 CANADA
 99P3077
 D3600A59
 0536
 ASB - 322ESFZ56MB
 8 RAID CONT RE
 0206600
D
 0413
11S13N2188ZJ1UWZ43RDMA
FRU:02R0GG8
COURTY OF ORIGIN
MADE IN SINGAPORE"
0957-2084a_crop0,"AC POWER ADAPTER (电源适配器/静电式整流器)
 0957-2084
 INPUT 输入/输入): 100-240V-1A 50/60Hz
 OUTPUT 输出/输出): +32V=720mA
 LPS +16V=610mA +32V +16V
 CAUTION 警告: (适用于资讯类产品/适用於资讯类产品)
 FOR USE WITH INFORMATION TECHNOLOGY EQUIPMENT.
 NUR ZUM GEBRÄUCH MIT GERÄTEN NACH EN 60950.
 ATTENTION:
 UTILISER AVEC DU MATERIEL INFORMATIQUE SEULEMENT.
 Endast för kontorsmaskin.
 Apparaten skall anslutas till jordat uttag
 när den ansluts till ett nätverk.
 PRECAUCION PARA USO CON EQUIPOS DE
 TECNOLOGIA DE LA INFORMACION.
 Lette on listattu/suojelusdutisuksetetin/milla varustettuun piistorassaan.
 Apparatet må kun tikopias jordet stikkontakt.
 SERVICE PROVIDER:
 HP Korea (Korea)
 (02) 1588-3000
 MANUFACTURER:
 KTU, BK12104-A201
 Dongguang Lita Power 2nd Plant
 L.T.E. LISTED
 POWER SUPPLY
 SAFETY
 MARK
 050111-00
 JET
 Nikon Hewlett-Packard
 B190074
 L4.8
 FOR USE WITH IEC 60950 PRODUCTS ONLY.
 PA-2320-03H-ROHS
 S/N: 5Y03459304
 REV.: A1
 东莞利通电器二厂/东莞利通电器二廠
 Dongguang Lita Power 2nd Plant
 Product Of China (B)
 中国制造 / 中國製造
 FJ","AC POWER ADAPTER (電源適配器/鏡電視雙流器)
0957-2084
INPUT(輸入/輸出):100-240V-1A 50/60Hz
 OUTPUT 输出/输出): +32V=720mA
 LPS +16V=610mA +32V +16V
 CAUTION 警告: (适用于资讯类产品/适用於资讯类产品)
 FOR USE WITH INFORMATION TECHNOLOGY EQUIPMENT.
 NUR ZUM GEBRÄUCH MIT GERÄTEN NACH EN 60950.
 ATTENTION:
 UTILISER AVEC DU MATERIEL INFORMATIQUE SEULEMENT.
 Endast för kontorsmaskin.
 Apparaten skall anslutas till jordat uttag
 när den ansluts till ett nätverk.
 PRECAUCION PARA USO CON EQUIPOS DE
 TECNOLOGIA DE LA INFORMACION.
 Lette on listattu/suojelusdutisuksetetin/milla varustettuun piistorassaan.
Apparatet må kun tikopias jordet stikkontakt.
 SERVICE PROVIDER:
 HP Korea (Korea)
 (02) 1588-3000
 MANUFACTURER:
 KTU, BK12104-A201
 Dongguang Lita Power 2nd Plant
 L.T.E. LISTED
 POWER SUPPLY
 SAFETY
 MARK
 050111-00
 JET
 Nikon Hewlett-Packard
 B190074
 L4.8
 FOR USE WITH IEC 60950 PRODUCTS ONLY.
 PA-2320-03H-ROHS
 S/N: 5Y03459304
 REV.: A1
 东莞利通电器二厂/东莞利通电器二廠
 Dongguang Lita Power 2nd Plant
 Product Of China (B)
 中国制造 / 中國製造"
0Y6FC (1)_crop0,"SAMSUNG SSD PM851 mSATA 256GB
 P/N. MZMTE256HMHP-000D1
 S/N: S1EVNSAG366510
 1513
 REV 0
 2015.03
 Model: MZ-MTE256D
 KCC-REM-SEC-MZ-MTE256D
 Made in China
 SATA SSD
 256 GB
 F/W EXT4AD0Q
 CAN ICES-3(B)/NMB-3(B)
 CN-OOY6FC-74235-
 53Q-OECL-A04
 RATED:
 DC+3.3V=0.7A
 SAMSUNG ELECTRONICS CO., LTD
 WARNING: Product can be damaged by Electrostatic
 Discharge (ESD).
 www.samsung.com/ssd
 SERIAL
 ATA
 6Gb/s
 D33475 N363
 Product of CHINA
 Planet
 First
 WARRANTy Void If Removed
 CE
 Type Approved
 Safety
 Regular Production
 Surveillance
 TUV Rheinland
 CERTIFIED
 www.tuv.com
 ID 2000000000","SAMSUNG SSD PM851 mSATA 256GB
 P/N. MZMTE256HMHP-000D1
 S/N: S1EVNSAG366510
 1513
 REV 0
 2015.03
 Model: MZ-MTE256D
 KCC-REM-SEC-MZ-MTE256D
 Made in China
 SATA SSD
 256 GB
 F/W EXT4AD0Q
 CAN ICES-3(B)/NMB-3(B)
 CN-OOY6FC-74235-
 53Q-OECL-A04
 RATED:
 DC+3.3V=0.7A
 SAMSUNG ELECTRONICS CO., LTD
 WARNING: Product can be damaged by Electrostatic
 Discharge (ESD).
 www.samsung.com/ssd
 SERIAL
 ATA
 6Gb/s
 D33475 N363
 Product of CHINA
 Planet
 First
 WARRANTY VOID IF REMOVED
 CE US
 Type Approved
 Safety
 Regular Production
 Surveillance
 TUV Rheinland
20
 CERTIFIED
 www.tuv.com
 ID 2000000000"
13-2000 C Grade a_crop0,"esc f1 f2 f3 f4 f5 f6 f7 f8 f9 f10 f11 f12 * ? 1 2 3 4 5 . 6 7 8 9 0 - + = backspace tab Q W E R T Y U I O P caps lock A S D F G H J K L ; "" / enter shift Z X C V B N M < , > . ? / pause ↑ shift ctrl fn alt alt ctrl home pg up end pg dn Windows7","hp esc f1 f2 f3 f4 f5 f6 f7 f8 f9 f10 f11 f12 * ? 1 2 3 4 5 . 6 7 8 9 0 - + = backspace tab Q W E R T Y U I O P caps lock A S D F G H J K L ; "" / enter shift Z X C V B N M < , > . ? / pause ↑ shift ctrl fn alt alt ctrl delete home pg up end pg dn Windows7
Intel Core i5"
1C2278-037 EMC (1)_crop0,"Seagate
 Constellation® ES.3 SED
 3000GB
 RoHS
 6Gb/s Serial Attached SCSI
 KCC-REM-STX-D33027
 N176
 E106814
 HDD Mfg by Seagate Technology LLC
 SN: Z1Y3EMNL
 Product of Thailand
 MODEL NUMBER: ST3000NM0063
 VDC AMPS
 +5V 0.75 A
 +12V 0.99 A
 PN: 1C2278-037
 DATE: 15484
 FW: 0004
 WWN: 5000C50083792B90
 EMC PN: 118033259
 Seagate Secure™
 REV: 01
 PSID: VB9JV8E4V8KFHFCNMBK21GFX2FTJ1J6Y
 European Regulatory Address: Seagate Technology Int'l
 Koolhovenlaan 1, 1119 NB Schiphol - Rijk, The Netherlands","Seagate
 Constellationd ES.3 SED
 3000GB
 RoHS
 6Gb/s Serial Attached SCSI
 KCC-REM-STX-D33027
 N176
 E106814
 HDD Mfg by Seagate Technology LLC
 SN: Z1Y3EMNL
 Product of Thailand
 MODEL NUMBER: ST3000NM0063
 VDC AMPS
 +5V 0.75 A
 +12V 0.99 A
 PN: 1C2278-037
 DATE: 15484
 FW: 0004
 WWN: 5000C50083792B90
 EMC PN: 118033259
 Seagate Secure
 REV: 01
 PSID: VB9JV8E4V8KFHFCNMBK21GFX2FTJ1J6Y
 European Regulatory Address: Seagate Technology Int'l
 Koolhovenlaan 1, 1119 NB Schiphol - Rijk, The Netherlands"
1K1019a_crop0,Kodak,Kodak
1K2866c_crop0,"Asian Power Devices Inc.
 AC ADAPTER/ Input (接入端子) 100-240V,50-60Hz, 2.5A Max.
 OUTPUT (输出端子) 36V ~ 2.05A LPS.
 INPUT (输入端子) 100-240V,50-60Hz, 2.5A Max.
 OUTPUT (输出端子) 36V ~ 2.05A LPS.
 CAUTION: FOR USE WITH GROUNDED OUTLET ONLY.
 LAITE ON LISÄTÄVÄ SUJAMAAUDISTUKSETKINENVARUSTUETTA PISTEURAAAN APPARATTI MAUKUA TULLENA JORDET STIKKIONTAKSI.
 NÄNEN ANGELUSI TELL ITTI NÄYTVÄR.
 FOR USE WITH INFORMATION TECHNOLOGY EQUIPMENT ONLY.
 UTILISERER SE POUR L'ÉQUIPEMENT INFORMATIQUE SEULEMENT.
 ENREGISTREMENT DE L'INFORMATIONTECHNIQUE.
 AVISO PARA USO COM EQUIPAMENTO DE INFORMÁTICA.
 927
 UL LISTED
 FCC ID: F810
 I.T.E. Power Supply
 GS
 HSE
 OCP 0004
 N14393
 Q080191
 000000049643/001
 KODAK PN: X2966 WW
 S/N: Y38420800902906700
 AAA
 Rev: 00
 中国制造 (中國製造)
 Made in China
 CM-1
 F3","APD
Asian Power Devices Inc.
亞源科技股份有限公司
亞源科技股份有限公司
AC ADAPTER(電源供應器/電源供應器)
MODEL No. (Modelo): (型號/型號)： DA-74A36
INPUT (输入端子) 100-240V,50-60Hz, 2.5A Max.
 OUTPUT (输出端子) 36V ~ 2.05A LPS.
 CAUTION: FOR USE WITH GROUNDED OUTLET ONLY.
 LAITE ON LISÄTÄVÄ SUJAMAAUDISTUKSETKINENVARUSTUETTA PISTEURAAAN APPARATTI MAUKUA TULLENA JORDET STIKKIONTAKSI.
 NÄNEN ANGELUSI TELL ITTI NÄYTVÄR.
 FOR USE WITH INFORMATION TECHNOLOGY EQUIPMENT ONLY.
 UTILISERER SE POUR L'ÉQUIPEMENT INFORMATIQUE SEULEMENT.
 ENREGISTREMENT DE L'INFORMATIONTECHNIQUE.
 AVISO PARA USO COM EQUIPAMENTO DE INFORMÁTICA.
9Z07
US LISTED
E168210
 FCC ID: F810
 I.T.E. Power Supply
Tuvrhainland OCP 0004
000000049643/001
Tested to comply with FCC standards
For home or office use
 KODAK PN: X2966 WW
 S/N: Y38420800902906700
 AAA
 Rev: 00
 中国制造 (中國製造)
 Made in China
 CM-1
 F3"
2.12.2024 JA 1-38_crop0,"PA-30C
 CALIFONE","PA-30C
CALIFORNIA"
2.12.2024 JA 1-46_crop0,"EASTMAN KODAK COMPANY
 UNLOCK LOCK","EASTMAN KODAK COMPANY
 UNLOCK LOCK
U.S.A. EASTMAN KODAK COMPANY
UNIVERSE"
200SERIES A_crop0,"PerkinElmer
 Series 200
 Pump
 quit
 F1
 F2
 F3
 F4
 reset
 insert
 delete
 purge
 run
 stop
 7
 8
 9
 4
 5
 6
 1 yes
 2
 0 no
 .
 enter
 CE","PerkinElmer
 Series 200
 Pump
quit
F1
 F2
 F3
 F4
F5
F6
F7
F8
return
 reset
 insert
 delete
 purge
 run
 stop
 7
 8
 9
 4
 5
 6
 1 yes
 2
 0 no
 .
-
 enter
 CE"
250 G8 Notebook PC B(1)_crop0,"esc f1 ? f2 * f3 * f4 ! f5 f6 f7 f8 f9 f10 f11 f12 ins brt sc delete home end pg up pg dn ~ ! @ 1 # 2 $ . 3 % 4 ^ 5 & 6 * 7 ( 8 ) 9 + = backspace num lock / * - tab Q W E R T Y U I O P { [ } ] ' \ 7 8 9 home pg up caps lock A S D F G H J K L ; "" , . enter 4 5 6 shift Z X C V B N M < > . ? pause ↑ shift 1 2 3 end pg dn ctrl fn alt alt ctrl < > O ins del intel CORE i3","esc
f1 ? ¡
f2 @
f3 #
f4 $
f5 %
f6 ^
f7 &
f8 *
f9 (
f10 )
f11 -
f12 =
prt sc
delete

~
`
1 !
2 @
3 #
4 $
5 %
6 ^
7 &
8 *
9 (
0 )
- _
= +
backspace

tab
Q W E R T Y U I O P
{ [
} ]
\ |

caps lock
A S D F G H J K L
: ;
"" '
enter

shift
Z X C V B N M
< ,
> .
? /
shift

ctrl
fn
(win key)
alt
(space bar)
alt
ctrl

home
end
pg up
pg dn
num lock
/
*
-
+
7 home
8 ↑
9 pg up
4 ←
5
6 →
1 end
2 ↓
3 pg dn
0 ins
. del
enter
Intel Core i3"
2DP99AA#ABC (2)_crop0,"HP SSD S700 2.5"" 500GB
 S/N: HBSA30290503338
 P/N: 2DP99AA#ABC
 DC: 5V RMN: HSA-N002
 WARRANTy Void If Any Label/ Screw Is
 Removed Or Broken
 CAN ICES-3(B)/NMB-3(B)
 HP Inc. Made in Taiwan
 3YR LIMITED
 WARRANTy
 FC CE 10
 HP, HQ-TRE, 71025
 Boeblingen, Germany
 TUV Rheinland
 US
 MSIP-REI-tro-HSA-N002
 VCi
 D3D022
 RoHS
 RoHS
 COMPLIANT","HP SSD S700 2.5"" 500GB
 S/N: HBSA30290503338
 P/N: 2DP99AA#ABC
 DC: 5V RMN: HSA-N002
 WARRANTy Void If Any Label/ Screw Is
 Removed Or Broken
 CAN ICES-3(B)/NMB-3(B)
 HP Inc. Made in Taiwan
 3YR LIMITED WARRANTY
 FC CE 10
 HP, HQ-TRE, 71025
 Boeblingen, Germany
 TUV Rheinland
 MSIP-REI-tro-HSA-N002
 VCi
Hp
 D3D022
 RoHS
 RoHS
 COMPLIANT"
3.15.2024 JA 1-10_crop0,RHINO5200,RHINO5200
3.15.2024 JA 1-10_crop1,"CABLE
 MODULE
 PANELS
 INSERT
 SAVE
 2/3
 REMOVE
 RECALL
 3/
 CLR
 ESC
 OK
 BKSP
 + COPIES
 PRINT
 FEED
 7*
 8%
 9*
 A
 B
 C
 D
 E
 F
 G
 H
 I
 J
 K
 L
 M
 N
 O
 P
 Q
 R
 S
 T
 U
 V
 W
 X
 Y
 Z
 SYMBOL
 GENERAL
 BARCODE
 SETTINGS
 ADV. SER.
 SERIAL
 BLOCKS
 VERTICAL","WIRE
CABLE
 MODULE
 PANELS
FLAG
LIBRARY
FIXED
CAPS
SIZE
 INSERT
 SAVE
 REMOVE
 RECALL
AOV. SER.
CLR
 ESC
 OK
 BKSP
1[
2]
3/
4=
5+
6-
7#
8%
FEED
 8%
 9*
 A
 B
 C
 D
 E
 F
 G
 H
 I
 J
 K
 L
 M
 N
 O
 P
 Q
 R
 S
 T
 U
 V
 W
 X
 Y
 Z
 SYMBOL
 GENERAL
 BARCODE
 SETTINGS
 SERIAL
 BLOCKS
 VERTICAL"
3.15.2024 JA 1-13_crop0,"ON
 OFF
 POWER
 RESET ▲
 EJECT","ON
 OFF
 POWER
 RESET ▲
 EJECT"
3.15.2024 JA 1-13_crop1,"SUPER NINTENDO.
 ENTERTAINMENT SYSTEM","SUPER NINTENDO®
 ENTERTAINMENT SYSTEM"
3.15.2024 JA 1-13_crop2,Nintendo,Nintendo
3.15.2024 JA 1-53_crop0,"Tab
 Q W E R T Y U I O P
 Caps Lock
 A S D F G H J K L :
 Shift
 Ctrl
 Internet Mail
 Backspace
 Enter
 Shift","Tab
1 2 3 4 5 6 7 8 9 0 - +
 Q W E R T Y U I O P [ ] \
 Caps Lock
 A S D F G H J K L : M %
 Shift Z X C V B N M < > ?
 Ctrl
 Internet Mail
 Backspace
 Enter
 Shift"
3.15.2024 JA 1-53_crop1,SAMSUNG,SAMSUNG
3.15.2024 JA 1-53_crop2,Keyboard Dock,Keyboard Dock
3.15.2024 JA 1-81_crop0,"Built-in recharge
 Lithium-ion bat
 included
 Batterie au
 lithium-ion recharge
 intégrée compr
 OfficeJet 200 Mobile Printer
 On-the-go business printing
 Impression professionnelle à la route
 Wireless*
 Print
 Sans fil*
 Impression
 HP OfficeJet 200
 Compact size and lightweight
 Compact et léger
 Charge to/from USB Port1
 Charger à partir du port USB1
 Auto off technology
 Technologie d'arrêt automatique
 Quiet Mode On
 Setup
 Ink Information
 Wireless
 Wi-Fi Direct
 Hp ePrint
 OK
 ?
 Easily print from your smartphone or tablet
 Imprimez facilement à partir de votre téléphone intelligent ou de votre tablette
 AirPrint
 Android
 Google
 Cloud Print Ready
 HP Original Ink
 L'encre HP d'origine
 62
 www.hp.com/go/mobileprinting","Built-in recharge
 Lithium-ion bat
 included
 Batterie au
 lithium-ion recharge
 intégrée compr
 OfficeJet 200 Mobile Printer
 On-the-go business printing
 Impression professionnelle la route
 Wireless*
 Print
 Sans fil*
 Impression
 HP 962788 OfficeJet 200
 Compact size and lightweight
 Compact et léger
 Charge to/from USB Port1
 Charger à partir du port USB1
 Auto off technology
 Technologie d'arrêt automatique
 Quiet Mode On
 Setup
 Ink Information
 Wireless
 Wi-Fi Direct
 Hp ePrint
 OK
 ?
 Easily print from your smartphone or tablet
 Imprimez facilement à partir de votre téléphone intelligent ou de votre tablette
 AirPrint
 Android
 Google
 Cloud Print Ready
 HP Original Ink
 L'encre HP d'origine
 62
 www.hp.com/go/mobileprinting"
3.18.2024 JA 1-10_crop0,"Broadband Firewall Router
 with 4-Port Switch / VPN Endpoint
 LINKSYS®","Broadband Firewall Router
 with 4-Port Switch / VPN Endpoint
 LINKSYS®"
3.18.2024 JA 1-10_crop1,"Broadband
 Firewall Router
 with 4-Port Switch / VPN Endpoint
 Model BEFSX41","Broadband
 Firewall Router
 with 4-Port Switch / VPN Endpoint
 Model BEFSX41"
3.5.2024 JA 2-10_crop0,"AVAYA
 1 ABC 2 DEF 3 Mute
 5 JKL 6 MNO 7 PQRS 8 TUV 9 WXYZ
 4 GHI 5 JKL 6 MNO 7 PQRS 8 TUV 9 WXYZ
 Volume
 * * *
 0 # Hold
 Message","AVAYA
 1 ABC 2 DEF 3 Mute
 5 JKL 6 MNO 7 PQRS 8 TUV 9 WXYZ
 4 GHI 5 JKL 6 MNO 
 Volume
 Flash
Redial
Hold
* 0 # Hold
 Message"
3.5.2024 JA 2-21_crop0,"NINTENDO
 GAMECUBE","NINTENDO
 GAMECUBE"
3.5.2024 JA 2-21_crop1,ATI,ATI
4.1.2024 JA 1-17_crop0,"GENESIS
 CARTRIDGE INPUT
 SEGA™
 POWER
 RESTART","GENESIS
 CARTRIDGE INPUT
 SEGA™
 POWER
 RESTART"
4.1.2024 JA 1-9_crop0,"PEAKING
 TALLY
 BRIGHT
 CONTRAST
 SONY
 PowerHAD EX","PEAKING
 TALLY
 BRIGHT
 CONTRAST
 SONY
 PowerHAD EX"
4.29.2024 JA 1-13_crop0,"S.W.R
 CAL
 1.8 MHz
 200 MHz
 MADE BY DIAMOND
 POWER
 DIAMOND
 ANTENNA
 METER ADJUST
 SX-200
 RANGE
 FUNCTION
 POWER
 1.5
 2
 3
 4
 5
 10
 200
 W
 0.5 1 2 3 4 5
 50 100 150
 1.8 MHz
 200 MHz
 200W
 20W
 5W
 RANGE
 FUNCTION
 POWER
 MIN
 MAX
 REF
 FWD
 OFF
 PEP MONI","S.W.R
 CAL
 1.8 MHz
 200 MHz
 MADE BY DIAMOND
 POWER
 DIAMOND
 ANTENNA
 METER ADJUST
 SX-200
 RANGE
 FUNCTION
 POWER
 1.5
 2
 3
 4
 5
 10
 200
 W
 0.5 1 2 3 4 5
 50 100 150
 1.8 MHz
 200 MHz
 200W
 20W
 5W
 RANGE
 FUNCTION
 POWER
 MIN
 MAX
 REF
 FWD
 OFF
 PEP MONI"
4.29.2024 JA 1-14_crop0,"1.8 MHz
 200 MHz
 CAL
 MAX
 REF
 FWD
 OFF
 PWR
 PEP M
 SWR
 CAL
 AVG","1.8 MHz
 200 MHz
 CAL
 MAX
 REF
 FWD
 OFF
 PWR
 PEP M
 SWR
 CAL
 AVG"
4.29.2024 JA 1-55_crop0,ANT TX SWR & POWER METER SX-100 DIAMOND ANTENNA 13.8V,ANT TX SWR & POWER METER SX-100 DIAMOND ANTENNA 13.8V
4.29.2024 JA 1-6_crop0,P T,P T 000
45N0304 c_crop0,"lenovo
 Registered Trademark of Lenovo
 AC ADAPTER
 MODEL NAME: ADLX90NDT2A
 LC PN: 36200295
 LI PN: 45N0303, FRU PN: 45N0304
 INPUT: 100-240V~1.5A 50-60Hz
 OUTPUT: 20V---4.5A
 For Lenovo information equipment use only
 Pour les équipements d'information Lenovo utiliser uniquement
 Para equipamentos de informática Lenovo usar apenas
 Para el equipo de información de Lenovo utilice sólo
 Consumo de energía: 101.51Wh
 En modo de espera: 0.15 Wh
 Manufactured for Lenovo
 Product of China
 DCWP MMC
 CANADA ICES/NMB-003 Class/ClasseB
 This device complies with Part 15 of the
 FCC Rules. Operation is subject to the
 following two conditions:
 (1) this device may not cause harmful
 interference, and
 (2) this device must accept any interference
 received; including interference that may
 cause undesired operation.
 UL Japan PS
 レノボ・ジャパン株式会社
 EU contact address:
 Lenovo, Einsteinova 21,
 851 01 Bratislava, Slovakia
 4T18
 E131881
 US
 LISTED
 ITE POWER SUPPLY
 NOM NYCE
 CE
 Rev: B
 11S45N0303Z1ZLZ231X50C
 11S36200295ZZ10031","lenovo
 Registered Trademark of Lenovo
 AC ADAPTER
 MODEL NAME: ADLX90NDT2A
 LC PN: 36200295
 LI PN: 45N0303, FRU PN: 45N0304
 INPUT: 100-240V~1.5A 50-60Hz
 OUTPUT: 20V---4.5A
 For Lenovo information equipment use only
 Pour les équipements d'information Lenovo utiliser uniquement
 Para equipamentos de informática Lenovo usar apenas
 Para el equipo de información de Lenovo utilice sólo
 Consumo de energía: 101.51Wh
 En modo de espera: 0.15 Wh
 Manufactured for Lenovo
 Product of China
 DCWP MMC
 CANADA ICES/NMB-003 Class/ClasseB
 This device complies with Part 15 of the
 FCC Rules. Operation is subject to the
 following two conditions:
 (1) this device may not cause harmful
 interference, and
 (2) this device must accept any interference
 received; including interference that may
 cause undesired operation.
 UL Japan PS
 レノボ・ジャパン株式会社
 EU contact address:
 Lenovo, Einsteinova 21,
 851 01 Bratislava, Slovakia
 4T18
 E131881
 US
 LISTED
 ITE POWER SUPPLY
 NOM NYCE
 CE
 Rev: B
 11S45N0303Z1ZLZ231X50C
 11S36200295ZZ10031"
614-0361 a_crop0,"AcBel POLYTECH INC.
 开关电源(交换式电源供应器)
 MODEL NO/型号/型号:API4ST03
 APPLE P/N:614-1261
 INPUT:输入/输入:100V-240V~ 50/60Hz 2.8A
 OUTPUT/输出/输出:12.1V=15.4A
 C
 US
 CE
 N
 156037
 ID:290Q DATE CODE:0540 REV:A
 MADE IN CHINA 中國製造/中国制造
 JL","AcBel POLYTECH INC.
 开关电源(交换式电源供应器)
 MODEL NO/型号/型号:API4ST03
 APPLE P/N:614-0361
 INPUT:输入/输入:100V-240V~ 50/60Hz 2.8A
 OUTPUT/输出/输出:12.1V=15.4A
 C
 US
 CE
 N
 156037
 ID:290Q DATE CODE:0540 REV:A
 MADE IN CHINA 中國製造/中国制造
 JL"
614-0361 a_crop1,"ACBel POLYTECH INC.
 开关电源(交换式电源供应器)
 MODEL NO/型號/型号:API4ST03
 APPLE P/N 614-0364
 INPUT:输入/输人:100V-240V~50/60Hz 2.8A
 OUTPUT/输出/输出:12.1V=15.4A
 C
 US
 CE
 N
 156037
 ID:290Q DATE CODE: 0540 REV: A
 MADE IN CHINA 中国製造/中国制造
 JL","ACBel POLYTECH INC.
 开关电源(交换式电源供应器)
 MODEL NO/型號/型号:API4ST03
 APPLE P/N 614-0364
 INPUT:输入/输人:100V-240V~50/60Hz 2.8A
 OUTPUT/输出/输出:12.1V=15.4A
 C
 US
 CE
 N
 156037
 ID:290Q DATE CODE: 0540 REV: A
 MADE IN CHINA 中国製造/中国制造
 JL"
630-7667 a_crop0,PBA D37706-501,PBA D37706-502
75-000784 b_crop0,"COMM PORT
 24PIN ATX
 SELF TEST
 PERIPHERAL & SATA
 6+2 PCI-E & 4+4 CPU
 1 2 3 1 2 3 4
 4 5 6 5 6 7 8","COMM PORT
 24PIN ATX
 SELF TEST
 PERIPHERAL & SATA
 6+2 PCI-E & 4+4 CPU
 1 2 3 1 2 3 4
 4 5 6 5 6 7 8"
A1432 16GB C Grade - White_c_crop0,"iPad
 Designed by Apple in California. Assembled in China.
 Model A1432. Compiles with the Canadian ICES-003 Class II specifications.
 FCC ID: BCGA1432. IC: 379C-A1432. Serial: F7N525ZF96
 FCXCE","iPad
 Designed by Apple in California. Assembled in China.
 Model A1432. Compiles with the Canadian ICES-003 Class II specifications.
 FCC ID: BCGA1432. IC: 379C-A1432. Serial: F7N525ZF96
 FCXCE"
BWDA1320NA...A1a_crop0,"D-Link
 WIRELESS
 WDA-1320
 WIRELESS G DESKTOP ADAPTER
 P/N: BWDA1320NA...A1
 S/N: P133285001045
 Complies With
 IDA Standards
 DB100549
 H/W Ver.: A1 MAC ID: 001E58AD3E76
 F/W Ver.: 1.10","D-Link
 WIRELESS
 WDA-1320
 WIRELESS G DESKTOP ADAPTER
 P/N: BWDA1320NA...A1
 S/N: P133285001045
 Complies With
 IDA Standards
 DB100549
 H/W Ver.: A1 MAC ID: 001E58AD3E76
 F/W Ver.: 1.10"
C7200-I 0-2FE E b_crop0,"CN6IXATAAA
 800-07114-04 AO
 DUAL FAST POWERSET 2X 1000/1000COSMOSPA
 E/SCTI
 SLOT 0
 SLOT 1
 LINK
 100Mbps
 FE/E 0
 100Mbps
 FE/E 1
 IO PWR OK
 CPU RESET
 AUX
 CONSOLE","CN5IXATAAA
 800-07114-04 AO
 DUAL FAST POWERSET 2X 1000/1000COSMOSPA
ENABLED
PCMCIA
 EJECT
 SLOT 0
 SLOT 1
 LINK
 100Mbps
 FE/E 0
LINK
 100Mbps
 FE/E 1
 IO PWR OK
 CPU RESET
 AUX
 CONSOLE"
CF402A a_crop0,"201A
 CF402A
 hp LASERJET
 Yellow Amarillo
 Jaune 黃色
 Print Cartridge / Cartouche d'Impression /
 Cartucho de Impresión / 打印硒鼓
 JET INTELLIGENCE
 More. Pages, performance and protection.
 Plus. Pages, performance et protection.
 Más. Páginas, desempeño y protección.
 HP LASERJET PRO
 M252, MFP M277","201A
 CF402A
 hp LASERJET
 Yellow Amarillo
 Jaune 黃色
 Print Cartridge / Cartouche d'Impression /
 Cartucho de Impresión / 打印硒鼓
 JET INTELLIGENCE
 More. Pages, performance and protection.
 Plus. Pages, performance et protection.
 Más. Páginas, desempeño y protección.
 HP LASERJET PRO
 M252, MFP M277"
DSC02465_crop0,"CAUTION:
 Power Backplane Removal
 Shut down server and disconnect all power before removing this PCI riser cage.
 CAUTION:
 NIC Module Removal
 Shut down server and disconnect all power before removing this PCI riser cage.
 CAUTION:
 PCI Module Removal
 PCI Module Replacement
 CAUTION:
 Power Supply backplane removal before removing system board."," CAUTION:
 Power Supply backplane removal before removing system board.
 Power Backplane Removal
 CAUTION:
 Shut down server and disconnect all power before removing this PCI riser cage.
 PCI Module Removal
 PCI Module Replacement
 NIC Module Removal
 PCI Module Removal
 PCI Module Replacement
 NIC Module Removal
CAUTION:
 Shut down server and disconnect all power before removing this PCI riser cage.
System Board Removal Handle

"
DSC_0005_crop0,哈囉,"哈囉
"
DSC_0006_crop0,iPod,"iPod
"
DSC_0009_crop0,"Phase Linear
 Model 200 Series Two
 Audio Standard Amplifier","Phase Linear
 Model 200 Series Two
 Audio Standard Amplifier"
DSC_0038_crop0,F1 F2 F3 ESC SEL 1 2 3 4 5 6 7 8 9 . 0 - EXIT,F1 F2 F3 ESC SEL 1 2 3 4 5 6 7 8 9 . 0 - EXIT
DSC_0043_crop0,"TotalState 4000
 Sansui
 MUTING OFF
 MPX NOISE CANCELLER","SolicState 4000
 Sansui
 MUTING OFF
 MPX NOISE CANCELLER"
DSC_0055_crop0,"marantz PROFESSIONAL SOLID STATE RECORDER PMD660
 MIC L
 MIC R
 MARK
 MENU/STORE
 COPY
 DISPLAY
 LIGHT
 EDIT
 USB
 LOCK
 SHIFT
 MARK-
 MARK+
 ENTER
 REC PAUSE
 STOP
 CANCEL
 REC LEVEL
 L R
 PHONES","marantz PROFESSIONAL SOLID STATE RECORDER PMD660
 MIC L
 MIC R
 MARK
 MENU/STORE
 COPY
 DISPLAY
 LIGHT
 EDIT
 USB
 LOCK
TRACK JUMP
PLAY/PAUSE
 SHIFT
 MARK-
 MARK+
 ENTER
 REC PAUSE
 STOP
 CANCEL
 REC LEVEL
 L R
 PHONES"
DSC_0056_crop0,EPSON,EPSON
DSC_0090_crop0,"HP 69400A/69410A
 RX TX DUPLEX PREV TESTS LOCAL RECALL MEAS RESET PRESET
 USER DATA FUNCTIONS
 k1 k2 k3 k4 k5 k6 k7 k8 k9 dB
 7 8 9 ENTER
 4 5 6 GHz
 1 2 3 MHz
 0 . +/-
 YES NO 0 MS
 MAX PWR
 200 W
 CAUTION: GND APPLY
 POWER SWITCH IS OFF.
 CURSOR CONTROL
 MIG/AGG VOLUME SQUELCH AUDIO OUT HI LO
 AUDIO IN","HP 69400A/69410A
 RX TX DUPLEX PREV TESTS LOCAL RECALL MEAS RESET PRESET
 USER DATA FUNCTIONS DATA
 k1 k2 k3 k4 k5 
 7 8 9 ENTER
 4 5 6 GHz
 1 2 3 MHz
 0 . +/- KHz
 YES NO 0 MS
 MAX PWR
 200 W
 CAUTION: GND APPLY
 POWER SWITCH IS OFF.
 CURSOR CONTROL
 MIG/AGG VOLUME SQUELCH AUDIO OUT HI LO
 AUDIO IN"
RBE-100 a_crop0,Xircom,Xircom
Tektronix 2465A a_crop0,"A1 1.00 V
 AV1 0.640°","A1 1.00 V
 AV1 0.640°"
Tektronix 2465A a_crop1,Tektronix 2465A 350MHz OSCILLOSCOPE,Tektronix 2465A 350MHz OSCILLOSCOPE
Tektronix 2465A a_crop2,200ns,200ns
Tektronix 2465A a_crop3,200mV 200nS,200mU 200nS
Tektronix 2465A b_crop0,"SETUP
 STEP
 AUTO
 SAVE
 HELP
 PREFACALL
 HELP
 AIDD
 INVERT
 CHOP/
 ALT
 20MHZ
 BW/UNWIT
 VOLTS/DIV
 VOLTS/DIV
 SEC/DIV
 VAR
 VAR
 VAR
 VAR
 50Ω
 DC
 50Ω
 DC
 CH 1
 OR
 X
 1MΩ 15pF ≤400Vpk
 1MΩ 15pF ≤400Vpk
 1MΩ 15pF ≤400Vpk
 TRIGGER
 POSITION
 X10
 MAG
 HOLDOFF
 A SWP
 TRI/O
 READY
 TRIGGER
 LEVEL
 +1
 AUTO
 LVL
 VERT
 DC
 AUTO
 CH 2
 CH 3
 CH 4
 A/NORM
 CH 2
 CH 3
 CH 4
 CH 1
 CH 2
 CH 3
 CH 4
 CH 1
 CH 2
 CH 3
 CH 4
 CH 1
 CH 2
 CH 3
 CH 4
 CH 1
 CH 2
 CH 3
 CH 4
 CH 1
 CH 2
 CH 3
 CH 4
 CH 1
 CH 2
 CH 3
 CH 4
 CH 1
 CH 2
 CH 3
 CH 4
 CH 1
 CH 2
 CH 3
 CH 4
 CH 1
 CH 2
 CH 3
 CH 4
 CH 1
 CH 2
 CH 3
 CH 4
 CH 1
 CH 2
 CH 3
 CH 4
 CH 1
 CH 2
 CH 3
 CH 4
 CH 1
 CH 2
 CH 3
 CH 4
 CH 1
 CH 2
 CH 3
 CH 4
 CH 1
 CH 2
 CH 3
 CH 4
 CH 1
 CH 2
 CH 3
 CH 4
 CH 1
 CH 2
 CH 3
 CH 4
 CH 1
 CH 2
 CH 3
 CH 4
 CH 1
 CH 2
 CH 3
 CH 4
 CH 1
 CH","SETUP
 STEP/
 AUTO
 SAVE
 HELP
 RECALL
 HELP
 ADD
 INVERT
 CHOP/
 ALT
 20MHZ
 BW/LIMIT
 VOLTS/DIV
 VOLTS/DIV
 SEC/DIV
SLOW
FAST
 VAR
 VAR
 VAR
 VAR
 50Ω
 DC
 50Ω
 DC
 CH 1
 OR
 X
 1MΩ 15pF ≤400Vpk
 1MΩ 15pF ≤400Vpk
 1MΩ 15pF ≤400Vpk
 1MΩ 15pF ≤400Vpk
 TRIGGER
 POSITION
 X10
 MAG
 HOLDOFF
 A SWP
 TRIGO
 READY
 TRIGGER
 LEVEL
 +-
 AUTO
 AUTO LVL
 VERT
 DC
 CH 1
 CH 2
 CH 3
 CH 4
 A/NORM
 CH 2
 CH 3
 CH 4
SGL 
B
RUN
TRIG
ALT
DLY
LINE
NOISE
MF
LF
AC
RE3
MODE
SOURCE
COUPLING
VOLTS/DIV"
text_0_conf0.95,"System x
 This product has been tested for
 IBM System X Units.
 Refer to the IBM Statement of Limited
 Warranty for further information.
 IBM Option: 81Y9670
 1P81Y9670
 300 GB
 15K rpm
 IBM FRU: 00FN460
 SAS 6Gb
 IBM P/N: 00FN462
 11S49Y7433Y9BZ6XN7QRC4
 DOM: 26OCT2014
 PART NUMBER: *9SW066-039*
 MODEL: ST9300653SS
 SERIAL NUMBER: *6XN7QRC4*
 WW N: 5000C5007E635AEC
 LOT NUMBER: 15182
 Site: SUZHSG
 RATED VDC AMPS
 +5V 1.10 A
 +12V 0.30 A
 HDD Mfg by Seagate Technology LLC
 Serial Attached SCSI
 20
 N176
 中国产品
 Product of China
 E14512
 100666932
 DO NOT
 HOLE","System x
 This product has been tested for
 IBM System X Units.
 Refer to the IBM Statement of Limited
 Warranty for further information.
 IBM Option: 81Y9670
 1P81Y9670
 300 GB
 15K rpm
 IBM FRU: 00FN460
 SAS 6Gb
 IBM P/N: 00FN462
 11S49Y7433Y9BZ6XN7QRC4
 DOM: 26OCT2014
 PART NUMBER: *9SW066-039*
 MODEL: ST9300653SS
 SERIAL NUMBER: *6XN7QRC4*
 WW N: 5000C5007E635AEC
 LOT NUMBER: 15182
 Site: SUZHSG
 RATED VDC AMPS
 +5V 1.10 A
 +12V 0.30 A
 HDD Mfg by Seagate Technology LLC
 Serial Attached SCSI
 20
 N176
 中国产品
 Product of China
 E14512
653SS(B)
 100666932
 DO NOT
 HOLE"
TN746B a_crop0,"AT&T
 327DF
 9313T
 1319574
 AT&T
 327HB
 9318T
 85093742
 LB1276AF
 9309T
 55381
 LB1276AF
 9309T
 55381
 LB1276AF
 9309T
 55381
 LB1276AF
 9309T
 55381
 LB1276AF
 9309T
 55381
 LB1276AF
 9309T
 55381
 LB1276AF
 9309T
 55381
 LB1276AF
 9309T
 55381
 LB1276AF
 9309T
 55381
 LB1276AF
 9309T
 55381
 LB1276AF
 9309T
 55381
 LB1276AF
 9309T
 55381
 LB1276AF
 9309T
 55381
 LB1276AF
 9309T
 55381
 LB1276AF
 9309T
 55381
 LB1276AF
 9309T
 55381
 LB1276AF
 9309T
 55381
 LB1276AF
 9309T
 55381
 LB1276AF
 9309T
 55381
 LB1276AF
 9309T
 55381
 LB1276AF
 9309T
 55381
 LB1276AF
 9309T
 55381
 LB1276AF
 9309T
 55381
 LB1276AF
 9309T
 55381
 LB1276AF
 9309","AT&T
 327DF
 9313T
 1319574
 AT&T
 327HB
 9318T
 85093742
 LB1276AF
 9309T
 55381
 LB1276AF
 9309T
 55381
 LB1276AF
 9309T
 55381
 LB1276AF
 9309T
 55381
 LB1276AF
 9309T
 55381
 LB1276AF
 9309T
 55381
 LB1276AF
 9309T
 55381
 LB1276AF
 9309T
 55381
 LB1276AF
 9309T
 55381
 LB1276AF
 9309T
 55381
 LB1276AF
 9309T
 55381
 LB1276AF
 9309T
 55381
 LB1276AF
 9309T
 55381
 LB1276AF
 9309T
 55381
 LB1276AF
 9309T
 55381
 LB1276AF
 9309T
 55381
 LB1276AF
 9309T
 55381
 LB1276AF
 9309T
 55381
 LB1276AF
 9309T
 55381
 LB1276AF
 9309T
 55381
 LB1276AF
 9309T
 55381
 LB1276AF
 9309T
 55381
 LB1276AF
 9309T
 55381
 LB1276AF
 9309T
 55381
 LB1276AF
 9309"
VetSafe 700 a_crop0,"CUTTING
 EDGE
 VetSafe 700 Smoke Evacuation System
 POWER
 ON / OFF
 100%
 80%
 60%
 40%
 20%
 FILTER LIFE REMAINING
 SUCTION
 CONTROL
 NEW
 REPLACE
 SERVICE
 CUTTING
 EDGE
 VetSafe 700 Smoke Evacuation System","CUTTING
 EDGE
 VetSafe 700 Smoke Evacuation System
 POWER
 ON / OFF
 100%
 80%
 60%
 40%
 20%
 FILTER LIFE REMAINING
 100%
 80%
 60%
 40%
 20%
 SUCTION
 CONTROL
 NEW
 REPLACE
 SERVICE
 CUTTING
 EDGE
 VetSafe 700 Smoke Evacuation System"
WD15 (3)_crop0,"DELL www.dell.com
 电脑扩充基座
 型号：WD15 中国制造
 输入：19.5V --- 6.7A/9.23A
 Reg Model/型号: K17A
 Reg Type No.: K17A001
 Input/输入/Daya
 19.5V --- 6.7A/9.23A
 CIT
 中国製造/Made in China
 CAN ICES-3 (B)/NMB-3 (B)
 Raheen Business Park Limerick Ireland
 MSIP-REM-E2K-K17A001
 SVC TAG:
 9GVBDG2
 EXPRESS SERVICE CODE: 20611098578
 MAC:D4-81-D7-FD-AA-1A
 DELL
 电脑扩充基座
 型号：WD15 中国制造
 输入：19.5V --- 6.7A/9.23A
 Reg Model/型号: K17A
 Reg Type No.: K17A001
 Input/输入/Daya
 19.5V --- 6.7A/9.23A
 CIT
 中国製造/Made in China
 CAN ICES-3 (B)/NMB-3 (B)
 Raheen Business Park Limerick Ireland
 MSIP-REM-E2K-K17A001
 SVC TAG:
 9GVBDG2
 EXPRESS SERVICE CODE: 20611098578
 MAC:D4-81-D7-FD-AA-1A","DELL www.dell.com
 電腦擴充基座
 컴퓨터 도킹
 스테이션
 Reg Model/型號: K17A
 Reg Type No.: K17A001
 Input/輸入/Daya
 19.5V --- 6.7A/9.23A CIT
 中國製造/Made in China
 CAN ICES-3 (B)/NMB-3 (B)
 Raheen Business Park Limerick Ireland
 NOM NYCE
 MSIP-REM-E2K-K17A001
 MNO5 15 001 D33002
 SVC TAG:
 9GVBDG2
 PPID:
 CN-05FDDV-12963-
 77C-015C-A03
 EXPRESS SERVICE CODE: 20611098578
 MAC:D4-81-D7-FD-AA-1A
 DELL 电脑扩充基座
 型号: WD15 中国制造
 输入: 19.5V --- 6.7A/9.23A
 TUV Rheinland
 GS
 www.tuv.com
 ID 1000000000
 FC
 CE
 CUL US
 LISTED
 I.T.E. E105109
 DPN: 1RTXC
 DPC A01"
WD15 (3)_crop1,"DELL www.dell.com
 電腦擴充基座
 컴퓨터 도킹
 스테이션
 Reg Model/型號: K17A
 Reg Type No.: K17A001
 Input/輸入/Daya
 19.5V --- 6.7A/9.23A CIT
 中國製造/Made in China
 CAN ICES-3 (B)/NMB-3 (B)
 Raheen Business Park Limerick Ireland
 NOM NYCE
 MSIP-REM-E2K-K17A001
 MNO5 15 001 D33002
 SVC TAG:
 9GVBDG2
 PPID:
 CN-05FDDV-12963.
 77C-015C-AQ3
 EXPRESS SERVICE CODE: 20611098578
 MAC:D4-81-D7-FD-AA-1A
 DELL 电脑扩充基座
 型号: WD15 中国制造
 输入: 19.5V --- 6.7A/9.23A
 TUV Rheinland
 GS
 www.tuv.com
 ID 1000000000
 FC
 CE
 UL US
 LISTED
 I.T.E. E165189
 DPN: 1RTXC
 DPC A01","DELL www.dell.com
 電腦擴充基座
 컴퓨터 도킹
 스테이션
 Reg Model/型號: K17A
 Reg Type No.: K17A001
 Input/輸入/Daya
 19.5V --- 6.7A/9.23A CIT
 中國製造/Made in China
 CAN ICES-3 (B)/NMB-3 (B)
 Raheen Business Park Limerick Ireland
 NOM NYCE
 MSIP-REM-E2K-K17A001
 MNO5 15 001 D33002
 SVC TAG:
 9GVBDG2
 PPID:
 CN-05FDDV-12963-
 77C-015C-A03
 EXPRESS SERVICE CODE: 20611098578
 MAC:D4-81-D7-FD-AA-1A
 DELL 电脑扩充基座
 型号: WD15 中国制造
 输入: 19.5V --- 6.7A/9.23A
 TUV Rheinland
 GS
 www.tuv.com
 ID 1000000000
 FC
 CE
 CUL US
 LISTED
 I.T.E. E105109
 DPN: 1RTXC
 DPC A01"